Name;Größe;Vorname;Nachname;Downloads;Datum;Pfad
BIGBall.webp;134;Niklas;Mehlis;0;"18.06.2025 01:54";BIGBall.webp
explosion.wav;19273;Niklas;Mehlis;0;"18.06.2025 01:54";explosion.wav
FastPaddle.webp;236;Niklas;Mehlis;0;"18.06.2025 01:54";FastPaddle.webp
hit.wav;6516;Niklas;Mehlis;0;"18.06.2025 01:54";hit.wav
index.html;4309;Niklas;Mehlis;0;"18.06.2025 01:54";index.html
index.js;17441;Niklas;Mehlis;0;"18.06.2025 01:54";index.js
item.wav;20492;Niklas;Mehlis;0;"18.06.2025 01:54";item.wav
itemUnlock.wav;2131;Niklas;Mehlis;0;"18.06.2025 01:54";itemUnlock.wav
LongPaddle.webp;72;Niklas;Mehlis;0;"18.06.2025 01:54";LongPaddle.webp
package.json;192;Niklas;Mehlis;0;"18.06.2025 01:54";package.json
style.css;5701;Niklas;Mehlis;0;"18.06.2025 01:54";style.css
